Nama_Produk,Tanggal,Jumlah
Nasi Box Ayam,01/04/25,2
Salad Ayam,01/04/25,1
Salad Ayam,01/04/25,1
Salad Ayam,01/04/25,2
Nasi Box Ayam,01/04/25,4
Soup Sayur,01/04/25,1
snack box,02/04/25,2
Salad Ayam,02/04/25,1
Salad Ayam,02/04/25,1
Soup sayur,02/04/25,1
Soup sayur,02/04/25,1
Salad Ayam,02/04/25,2
Nasi Box Vegan,02/04/25,4
Salad Ayam,02/04/25,1
Nasi Box Ayam,02/04/25,3
Nasi Box Ayam,02/04/25,1
Soup Sayur,02/04/25,4
Salad Ayam,02/04/25,5
snack box,02/04/25,2
Nasi Box Ayam,02/04/25,1
Soup sayur,03/04/25,2
Salad Ayam,03/04/25,1
Soup sayur,03/04/25,4
snack box,03/04/25,1
Soup sayur,03/04/25,2
Nasi Box Vegan,03/04/25,2
Nasi Box Ayam,03/04/25,2
Nasi Box Ayam,03/04/25,2
Nasi Box Vegan,03/04/25,1
Soup Sayur,03/04/25,4
Salad Ayam,03/04/25,2
Soup Sayur,03/04/25,1
Salad Ayam,03/04/25,2
snack box,03/04/25,1
Nasi Box Vegan,04/04/25,1
Nasi Box Ayam,04/04/25,2
Nasi Box Vegan,04/04/25,1
Nasi Box Vegan,04/04/25,1
Snack Box,04/04/25,1
snack box,04/04/25,1
snack box,04/04/25,1
Nasi Box Ayam,04/04/25,5
Nasi Box Ayam,04/04/25,1
Nasi Box Ayam,04/04/25,1
Soup Sayur,04/04/25,1
Salad Ayam,04/04/25,2
Snack box,04/04/25,2
Nasi box vegan,04/04/25,2
Nasi box vegan,04/04/25,1
Nasi Box Ayam,04/04/25,5
Nasi Box Ayam,05/04/25,1
Snack Box,05/04/25,1
Nasi Box Ayam,05/04/25,1
snack box,05/04/25,1
Nasi Box Ayam,05/04/25,2
Nasi Box Vegan,05/04/25,1
Salad Ayam,05/04/25,1
Nasi Box Ayam,05/04/25,1
Nasi Box Ayam,05/04/25,1
Soup Sayur,05/04/25,2
Salad Ayam,05/04/25,3
Snack box,05/04/25,2
Nasi Box Ayam,05/04/25,2
Nasi Box Ayam,05/04/25,2
Nasi Box Vegan,05/04/25,1
Nasi Box Ayam,06/04/25,1
Nasi Box Ayam,06/04/25,1
Salad Ayam,06/04/25,1
Soup Sayur,06/04/25,4
Nasi box vegan,06/04/25,2
Nasi Box Ayam,06/04/25,4
Salad Ayam,06/04/25,2
Salad Ayam,06/04/25,2
snack box,06/04/25,2
Snack Box,06/04/25,2
Salad Ayam,06/04/25,1
Nasi Box Vegan,06/04/25,2
Nasi Box Ayam,06/04/25,2
Snack Box,06/04/25,1
Nasi Box Ayam,06/04/25,1
Nasi Box Ayam,06/04/25,1
Soup Sayur,06/04/25,1
Salad Ayam,07/04/25,1
Salad Ayam,07/04/25,1
Salad Ayam,07/04/25,1
Salad Ayam,07/04/25,1
Soup Sayur,07/04/25,1
Soup Sayur,07/04/25,1
Nasi Box Ayam,07/04/25,3
Nasi box vegan,07/04/25,2
Nasi Box Ayam,07/04/25,1
Nasi Box Ayam,07/04/25,5
Snack Box,07/04/25,1
Soup Sayur,07/04/25,3
Salad Ayam,07/04/25,1
Nasi Box Ayam,07/04/25,2
Salad Ayam,07/04/25,1
Salad Ayam,07/04/25,1
Soup Sayur,08/04/25,1
Nasi Box Ayam,08/04/25,1
Nasi Box Ayam,08/04/25,5
Soup Sayur,08/04/25,1
Nasi Box Ayam,08/04/25,3
Nasi Box Ayam,08/04/25,2
Nasi box vegan,08/04/25,2
Snack box,08/04/25,5
Nasi box vegan,08/04/25,1
snack box,08/04/25,1
Snack box,08/04/25,1
Nasi Box Ayam,08/04/25,1
Nasi Box Ayam,08/04/25,1
Soup sayur,08/04/25,1
Soup Sayur,08/04/25,4
Nasi Box Ayam,09/04/25,1
Nasi box vegan,09/04/25,2
Snack box,09/04/25,4
Soup Sayur,09/04/25,1
Nasi Box Ayam,09/04/25,1
Soup sayur,09/04/25,1
Salad Ayam,09/04/25,1
Nasi Box Ayam,09/04/25,1
Nasi Box Ayam,09/04/25,2
Salad Ayam,09/04/25,1
Nasi Box Ayam,09/04/25,4
Soup Sayur,09/04/25,1
Salad Ayam,09/04/25,1
Nasi Box Ayam,09/04/25,2
Soup sayur,09/04/25,1
Snack box,10/04/25,2
Soup Sayur,10/04/25,1
Soup Sayur,10/04/25,3
Soup Sayur,10/04/25,1
snack box,10/04/25,2
Salad Ayam,10/04/25,1
Nasi box vegan,10/04/25,1
snack box,10/04/25,4
Soup Sayur,10/04/25,1
Soup Sayur,10/04/25,2
Salad Ayam,10/04/25,2
Nasi Box Vegan,10/04/25,2
Salad Ayam,10/04/25,1
Soup Sayur,10/04/25,1
Nasi Box Ayam,10/04/25,1
Soup sayur,10/04/25,1
Soup Sayur,11/04/25,1
Salad Ayam,11/04/25,1
Nasi Box Ayam,11/04/25,2
Soup Sayur,11/04/25,1
Salad Ayam,11/04/25,1
Nasi Box Ayam,11/04/25,2
Soup Sayur,11/04/25,1
Soup Sayur,11/04/25,1
Snack box,11/04/25,1
Salad Ayam,11/04/25,4
Nasi Box Vegan,11/04/25,1
Soup sayur,11/04/25,3
Salad Ayam,11/04/25,1
Nasi Box Ayam,11/04/25,5
Nasi Box Ayam,11/04/25,5
Salad Ayam,11/04/25,1
Salad Ayam,11/04/25,2
Nasi Box Ayam,11/04/25,1
Nasi Box Ayam,11/04/25,1
Snack box,12/04/25,1
Nasi Box Ayam,12/04/25,1
Nasi Box Vegan,12/04/25,5
Soup sayur,12/04/25,1
Nasi Box Ayam,12/04/25,1
Soup Sayur,12/04/25,1
Nasi Box Ayam,12/04/25,2
Nasi Box Ayam,12/04/25,4
Soup Sayur,12/04/25,1
Salad Ayam,12/04/25,1
Nasi Box Ayam,12/04/25,2
Soup sayur,12/04/25,2
Nasi Box Ayam,12/04/25,1
Nasi Box Ayam,12/04/25,2
Nasi Box Ayam,12/04/25,3
snack box,12/04/25,1
snack box,12/04/25,2
Soup Sayur,12/04/25,1
Snack box,12/04/25,1
Salad Ayam,12/04/25,3
Salad Ayam,13/04/25,1
Salad Ayam,13/04/25,1
Soup Sayur,13/04/25,2
Soup sayur,13/04/25,2
Nasi Box Ayam,13/04/25,1
Snack Box,14/04/25,2
Salad Ayam,14/04/25,3
Nasi Box Ayam,14/04/25,1
Nasi Box Ayam,14/04/25,5
Nasi Box Ayam,14/04/25,1
Snack Box,14/04/25,2
Snack box,14/04/25,1
Salad Ayam,14/04/25,2
Soup Sayur,14/04/25,1
Nasi box vegan,14/04/25,1
Soup Sayur,14/04/25,1
Nasi Box Ayam,14/04/25,1
Nasi Box Ayam,14/04/25,1
Nasi Box Ayam,14/04/25,4
Nasi box vegan,15/04/25,1
snack box,15/04/25,1
Soup sayur,15/04/25,2
Soup Sayur,15/04/25,1
Nasi Box Ayam,15/04/25,1
snack box,16/04/25,1
Nasi Box Vegan,16/04/25,1
Soup Sayur,16/04/25,1
Soup sayur,16/04/25,1
Soup Sayur,16/04/25,1
Nasi Box Ayam,16/04/25,1
Salad Ayam,16/04/25,2
snack box,16/04/25,3
Nasi Box Ayam,16/04/25,2
snack box,16/04/25,1
snack box,16/04/25,1
snack box,16/04/25,1
Nasi box vegan,16/04/25,2
Nasi Box Ayam,16/04/25,1
Nasi Box Ayam,17/04/25,1
Snack Box,17/04/25,3
Soup sayur,17/04/25,1
Soup Sayur,17/04/25,1
Nasi Box Ayam,17/04/25,1
Nasi Box Ayam,17/04/25,1
Nasi box vegan,17/04/25,5
Soup Sayur,17/04/25,1
Soup Sayur,17/04/25,2
Soup sayur,17/04/25,2
Salad Ayam,17/04/25,2
snack box,17/04/25,3
Nasi Box Ayam,17/04/25,2
Salad Ayam,17/04/25,1
snack box,17/04/25,4
Snack Box,18/04/25,1
Nasi Box Ayam,18/04/25,1
Soup Sayur,18/04/25,1
snack box,18/04/25,2
Snack Box,18/04/25,1
Nasi Box Ayam,18/04/25,1
Soup Sayur,18/04/25,1
Soup Sayur,18/04/25,2
Soup sayur,18/04/25,1
Salad Ayam,18/04/25,4
Nasi Box Ayam,18/04/25,2
Nasi box vegan,18/04/25,1
Nasi box vegan,19/04/25,1
Soup Sayur,19/04/25,1
Nasi Box Ayam,19/04/25,1
Nasi Box Ayam,19/04/25,1
Nasi Box Ayam,19/04/25,2
Soup Sayur,19/04/25,5
Nasi Box Ayam,19/04/25,1
Nasi Box Ayam,19/04/25,1
Salad Ayam,19/04/25,1
Salad Ayam,19/04/25,2
Nasi Box Ayam,19/04/25,2
Snack Box,19/04/25,1
Nasi box vegan,19/04/25,1
Salad Ayam,19/04/25,1
Nasi Box Vegan,19/04/25,1
Nasi box vegan,20/04/25,1
Nasi Box Ayam,20/04/25,1
Salad Ayam,20/04/25,1
Nasi Box Ayam,20/04/25,1
Nasi Box Ayam,20/04/25,1
Nasi Box Ayam,20/04/25,1
Soup Sayur,20/04/25,2
Nasi Box Ayam,20/04/25,1
Nasi Box Ayam,20/04/25,1
Salad Ayam,20/04/25,1
Soup sayur,20/04/25,3
Soup Sayur,20/04/25,1
Snack box,20/04/25,2
Nasi Box Vegan,20/04/25,1
Nasi Box Ayam,20/04/25,5
Nasi Box Ayam,20/04/25,2
Salad Ayam,20/04/25,1
Salad Ayam,21/04/25,1
Soup Sayur,21/04/25,1
Salad Ayam,21/04/25,1
Salad Ayam,21/04/25,1
Nasi Box Ayam,21/04/25,1
Nasi box vegan,21/04/25,1
Snack box,21/04/25,2
snack box,21/04/25,1
Salad Ayam,21/04/25,2
Salad Ayam,21/04/25,2
Salad Ayam,21/04/25,3
Soup Sayur,21/04/25,1
Nasi Box Ayam,22/04/25,1
Salad Ayam,22/04/25,4
Salad Ayam,22/04/25,1
Nasi Box Ayam,22/04/25,1
Salad Ayam,22/04/25,2
Salad Ayam,22/04/25,2
Snack Box,22/04/25,1
Nasi box vegan,22/04/25,3
Salad Ayam,22/04/25,4
snack box,22/04/25,1
Salad Ayam,22/04/25,4
Snack box,22/04/25,2
Soup sayur,22/04/25,2
Nasi Box Ayam,22/04/25,2
Salad Ayam,23/04/25,2
Soup Sayur,23/04/25,1
Nasi Box Ayam,23/04/25,1
Nasi Box Ayam,23/04/25,1
Soup sayur,23/04/25,1
Nasi Box Ayam,23/04/25,1
Soup sayur,23/04/25,2
Soup Sayur,23/04/25,1
Nasi Box Ayam,23/04/25,1
Nasi Box Ayam,24/04/25,2
Soup Sayur,24/04/25,4
Nasi Box Ayam,24/04/25,1
Nasi Box Ayam,24/04/25,1
Soup Sayur,24/04/25,4
Nasi Box Ayam,24/04/25,1
Snack box,24/04/25,1
Salad Ayam,24/04/25,1
Nasi Box Ayam,24/04/25,1
Nasi Box Vegan,24/04/25,2
Nasi box vegan,24/04/25,1
Salad Ayam,24/04/25,2
Salad Ayam,24/04/25,2
Salad Ayam,24/04/25,1
Salad Ayam,24/04/25,1
Nasi Box Ayam,24/04/25,1
Soup Sayur,24/04/25,3
Salad Ayam,25/04/25,2
Nasi Box Ayam,25/04/25,1
snack box,25/04/25,1
Nasi Box Ayam,25/04/25,1
Soup sayur,25/04/25,4
Nasi Box Ayam,25/04/25,1
Soup sayur,25/04/25,1
Soup Sayur,25/04/25,3
Soup Sayur,25/04/25,1
Nasi Box Ayam,25/04/25,2
Soup Sayur,25/04/25,1
Nasi Box Ayam,25/04/25,1
Salad Ayam,25/04/25,2
Salad Ayam,26/04/25,1
snack box,26/04/25,1
Soup Sayur,26/04/25,1
Nasi box vegan,26/04/25,2
Snack box,26/04/25,1
Nasi Box Ayam,26/04/25,1
Nasi Box Ayam,26/04/25,1
Salad Ayam,26/04/25,1
Nasi Box Ayam,26/04/25,1
Nasi Box Vegan,26/04/25,2
Salad Ayam,26/04/25,1
Snack box,26/04/25,1
Salad Ayam,27/04/25,1
Nasi Box Vegan,27/04/25,1
Nasi Box Ayam,27/04/25,1
Salad Ayam,27/04/25,1
Nasi box vegan,27/04/25,1
Nasi Box Ayam,27/04/25,2
Snack Box,27/04/25,1
Salad Ayam,27/04/25,3
Nasi Box Vegan,27/04/25,1
Nasi Box Vegan,27/04/25,3
Soup sayur,27/04/25,1
Salad Ayam,27/04/25,1
Nasi Box Ayam,27/04/25,2
Nasi Box Vegan,27/04/25,2
Soup Sayur,27/04/25,2
Snack box,27/04/25,1
Soup sayur,27/04/25,2
Soup Sayur,28/04/25,2
Salad Ayam,28/04/25,1
Soup sayur,28/04/25,1
Nasi Box Ayam,28/04/25,1
Nasi Box Vegan,28/04/25,1
Salad Ayam,28/04/25,1
Soup sayur,28/04/25,3
Soup Sayur,28/04/25,1
Nasi Box Vegan,28/04/25,3
Nasi Box Ayam,28/04/25,1
Soup Sayur,28/04/25,1
Nasi Box Ayam,28/04/25,1
Soup Sayur,28/04/25,3
Nasi Box Ayam,28/04/25,2
Soup Sayur,28/04/25,3
Soup Sayur,28/04/25,1
Nasi Box Ayam,28/04/25,1
Nasi Box Ayam,28/04/25,2
Soup Sayur,28/04/25,1
Soup Sayur,29/04/25,1
Snack Box,29/04/25,5
Soup Sayur,29/04/25,1
Salad Ayam,29/04/25,1
Nasi Box Ayam,29/04/25,1
Snack Box,29/04/25,1
Nasi Box Ayam,29/04/25,1
Salad Ayam,29/04/25,3
Nasi box vegan,29/04/25,2
Soup Sayur,29/04/25,1
Nasi box vegan,29/04/25,2
Soup Sayur,29/04/25,1
Nasi Box Ayam,29/04/25,1
Soup sayur,29/04/25,1
Nasi Box Ayam,30/04/25,1
snack box,30/04/25,1
Nasi Box Vegan,30/04/25,1
Soup Sayur,30/04/25,1
Nasi Box Ayam,30/04/25,3
Nasi Box Vegan,30/04/25,1
Snack box,01/05/25,3
Nasi box vegan,01/05/25,1
Soup sayur,01/05/25,3
Nasi Box Ayam,01/05/25,1
Soup Sayur,01/05/25,1
Nasi box vegan,01/05/25,1
Nasi Box Ayam,01/05/25,3
snack box,01/05/25,1
Nasi Box Ayam,01/05/25,2
Salad Ayam,01/05/25,1
Nasi Box Vegan,01/05/25,1
Snack Box,01/05/25,3
Soup Sayur,01/05/25,2
Soup sayur,02/05/25,1
Nasi Box Ayam,02/05/25,1
Nasi box vegan,02/05/25,1
snack box,02/05/25,1
Salad Ayam,02/05/25,1
Nasi Box Ayam,02/05/25,1
Snack Box,02/05/25,1
Snack box,02/05/25,1
Soup Sayur,02/05/25,1
Salad Ayam,02/05/25,4
Salad Ayam,02/05/25,1
Snack Box,03/05/25,4
Soup sayur,03/05/25,2
Nasi Box Vegan,03/05/25,1
snack box,03/05/25,1
Soup Sayur,03/05/25,5
Soup sayur,03/05/25,1
Nasi Box Ayam,03/05/25,1
Salad Ayam,03/05/25,2
Nasi Box Ayam,03/05/25,1
Soup sayur,03/05/25,1
Soup sayur,03/05/25,2
Soup Sayur,03/05/25,1
Snack Box,03/05/25,1
Soup Sayur,03/05/25,1
Nasi Box Ayam,03/05/25,1
Nasi Box Ayam,03/05/25,3
snack box,04/05/25,1
Salad Ayam,04/05/25,1
Snack Box,04/05/25,1
Salad Ayam,04/05/25,1
Nasi Box Vegan,04/05/25,4
Nasi Box Ayam,04/05/25,2
Nasi Box Ayam,04/05/25,2
Salad Ayam,04/05/25,5
Soup sayur,04/05/25,2
Salad Ayam,05/05/25,3
Nasi Box Ayam,05/05/25,1
Salad Ayam,05/05/25,1
Nasi Box Ayam,05/05/25,1
Nasi Box Ayam,05/05/25,1
Salad Ayam,05/05/25,1
Nasi Box Vegan,05/05/25,1
snack box,05/05/25,1
Nasi Box Ayam,05/05/25,1
Soup Sayur,05/05/25,1
Salad Ayam,05/05/25,1
Nasi Box Ayam,05/05/25,1
Nasi Box Ayam,05/05/25,1
Soup Sayur,06/05/25,1
Salad Ayam,06/05/25,2
Nasi Box Vegan,06/05/25,5
Nasi Box Ayam,06/05/25,4
Salad Ayam,06/05/25,4
Soup Sayur,06/05/25,3
Soup Sayur,06/05/25,1
Soup Sayur,06/05/25,1
Snack Box,06/05/25,2
Soup sayur,06/05/25,5
Nasi Box Ayam,06/05/25,1
Nasi box vegan,06/05/25,4
Salad Ayam,06/05/25,1
Salad Ayam,06/05/25,2
Nasi box vegan,06/05/25,4
Nasi Box Ayam,06/05/25,1
snack box,06/05/25,1
Salad Ayam,06/05/25,1
Nasi Box Ayam,06/05/25,1
Nasi Box Vegan,06/05/25,2
Nasi Box Ayam,06/05/25,3
Snack box,06/05/25,4
Nasi box vegan,07/05/25,1
Salad Ayam,07/05/25,1
Soup Sayur,07/05/25,1
Nasi box vegan,07/05/25,1
Nasi Box Ayam,07/05/25,3
snack box,07/05/25,1
Nasi Box Vegan,07/05/25,1
Nasi box vegan,07/05/25,1
Salad Ayam,07/05/25,3
snack box,07/05/25,1
Salad Ayam,07/05/25,1
Salad Ayam,07/05/25,1
snack box,07/05/25,1
Nasi Box Ayam,07/05/25,2
Nasi Box Ayam,08/05/25,3
Nasi Box Vegan,08/05/25,3
Salad Ayam,08/05/25,1
Nasi Box Ayam,08/05/25,1
Soup sayur,08/05/25,4
snack box,08/05/25,1
Nasi box vegan,08/05/25,1
Snack box,08/05/25,1
Nasi box vegan,08/05/25,2
Salad Ayam,08/05/25,2
Nasi Box Ayam,08/05/25,1
Nasi Box Ayam,08/05/25,1
Snack box,08/05/25,1
Nasi box vegan,08/05/25,2
Nasi Box Vegan,08/05/25,4
Soup sayur,08/05/25,3
Salad Ayam,08/05/25,1
Snack box,08/05/25,1
Soup Sayur,08/05/25,1
Salad Ayam,08/05/25,1
Snack box,09/05/25,1
snack box,09/05/25,2
Salad Ayam,09/05/25,1
Nasi Box Vegan,09/05/25,3
Nasi Box Ayam,09/05/25,2
Salad Ayam,09/05/25,1
Nasi Box Vegan,09/05/25,2
Soup Sayur,09/05/25,1
Soup sayur,09/05/25,1
Nasi Box Vegan,09/05/25,2
Salad Ayam,09/05/25,1
Soup sayur,09/05/25,1
Snack box,09/05/25,2
Soup Sayur,09/05/25,2
Snack box,09/05/25,1
Snack Box,09/05/25,1
Nasi Box Ayam,09/05/25,1
Nasi Box Ayam,10/05/25,1
snack box,10/05/25,1
Snack box,10/05/25,1
Nasi Box Ayam,10/05/25,3
Salad Ayam,10/05/25,1
Soup sayur,10/05/25,3
Nasi Box Ayam,10/05/25,3
Soup sayur,10/05/25,1
Nasi box vegan,10/05/25,1
Nasi Box Vegan,10/05/25,1
Nasi Box Ayam,10/05/25,1
Snack Box,10/05/25,2
Salad Ayam,10/05/25,2
Soup Sayur,10/05/25,1
Nasi Box Ayam,10/05/25,1
Salad Ayam,11/05/25,5
Snack box,11/05/25,1
Salad Ayam,11/05/25,1
Nasi Box Vegan,11/05/25,4
snack box,11/05/25,1
Snack Box,11/05/25,2
Salad Ayam,11/05/25,2
Soup Sayur,11/05/25,2
Nasi Box Ayam,11/05/25,1
Nasi Box Ayam,11/05/25,1
Nasi Box Ayam,11/05/25,1
Salad Ayam,11/05/25,1
Nasi Box Ayam,11/05/25,3
Soup sayur,12/05/25,2
Salad Ayam,12/05/25,1
Nasi Box Ayam,12/05/25,3
Salad Ayam,12/05/25,2
Nasi box vegan,12/05/25,3
Soup Sayur,12/05/25,1
Nasi Box Ayam,12/05/25,1
Salad Ayam,12/05/25,2
Nasi Box Vegan,12/05/25,1
Snack box,12/05/25,1
Soup Sayur,12/05/25,2
Nasi Box Ayam,12/05/25,1
Snack Box,12/05/25,3
Soup sayur,12/05/25,2
Nasi box vegan,12/05/25,1
Nasi Box Ayam,12/05/25,1
Nasi Box Ayam,13/05/25,4
Nasi Box Vegan,13/05/25,1
Nasi Box Vegan,13/05/25,1
Nasi Box Ayam,13/05/25,2
Soup Sayur,13/05/25,1
Snack Box,13/05/25,1
Soup Sayur,13/05/25,3
Snack Box,13/05/25,1
Snack box,13/05/25,1
Soup Sayur,13/05/25,1
Soup sayur,13/05/25,4
Nasi Box Ayam,14/05/25,1
Nasi Box Ayam,14/05/25,1
Nasi Box Vegan,14/05/25,1
Soup Sayur,14/05/25,1
Nasi box vegan,14/05/25,4
snack box,14/05/25,1
Nasi Box Vegan,14/05/25,1
Nasi Box Ayam,14/05/25,1
Nasi Box Ayam,14/05/25,2
Snack box,15/05/25,2
Salad Ayam,15/05/25,3
Salad Ayam,15/05/25,1
Nasi Box Vegan,15/05/25,1
Soup Sayur,15/05/25,1
Salad Ayam,15/05/25,2
Salad Ayam,16/05/25,1
Salad Ayam,16/05/25,1
Nasi Box Ayam,16/05/25,1
Soup sayur,16/05/25,3
Soup Sayur,16/05/25,1
Salad Ayam,16/05/25,1
Soup Sayur,16/05/25,3
Nasi Box Ayam,16/05/25,1
Salad Ayam,16/05/25,4
Soup Sayur,16/05/25,1
Soup Sayur,16/05/25,1
Salad Ayam,17/05/25,5
Soup Sayur,17/05/25,1
snack box,17/05/25,1
Soup Sayur,17/05/25,1
Nasi Box Ayam,17/05/25,1
Nasi Box Ayam,17/05/25,1
Nasi Box Ayam,17/05/25,1
Nasi Box Ayam,17/05/25,1
Soup Sayur,17/05/25,1
snack box,17/05/25,2
Nasi Box Ayam,17/05/25,1
Nasi Box Ayam,17/05/25,1
Nasi Box Vegan,17/05/25,2
Salad Ayam,17/05/25,4
Soup sayur,18/05/25,1
Snack box,18/05/25,4
Salad Ayam,18/05/25,1
snack box,18/05/25,1
Nasi Box Ayam,18/05/25,1
snack box,18/05/25,2
Soup Sayur,18/05/25,3
Nasi Box Ayam,18/05/25,1
Nasi Box Ayam,18/05/25,1
Nasi Box Vegan,18/05/25,5
Nasi box vegan,18/05/25,3
Nasi Box Ayam,18/05/25,4
Nasi Box Vegan,19/05/25,1
Nasi Box Ayam,19/05/25,1
Nasi Box Ayam,19/05/25,2
Nasi Box Ayam,19/05/25,1
Nasi Box Ayam,19/05/25,2
Soup sayur,19/05/25,4
snack box,19/05/25,4
Nasi box vegan,19/05/25,1
Nasi Box Ayam,19/05/25,3
Nasi Box Vegan,19/05/25,1
Nasi Box Ayam,19/05/25,1
Snack box,19/05/25,1
Nasi Box Ayam,19/05/25,1
Snack box,19/05/25,1
Salad Ayam,19/05/25,1
Snack box,20/05/25,1
Nasi Box Ayam,20/05/25,4
Nasi Box Ayam,20/05/25,1
Soup Sayur,20/05/25,3
Soup sayur,20/05/25,1
Nasi Box Vegan,20/05/25,5
Soup Sayur,20/05/25,1
snack box,20/05/25,1
Nasi Box Ayam,20/05/25,2
Soup Sayur,20/05/25,2
Nasi Box Ayam,20/05/25,3
Salad Ayam,20/05/25,1
Salad Ayam,20/05/25,1
Nasi Box Ayam,20/05/25,1
Salad Ayam,20/05/25,1
Nasi Box Ayam,20/05/25,1
Nasi Box Ayam,20/05/25,4
Soup Sayur,20/05/25,1
Nasi Box Ayam,20/05/25,4
Nasi Box Vegan,20/05/25,1
Salad Ayam,20/05/25,1
Snack box,20/05/25,1
Nasi Box Ayam,20/05/25,2
Soup Sayur,21/05/25,1
Nasi Box Ayam,21/05/25,1
Nasi box vegan,21/05/25,2
Nasi Box Ayam,21/05/25,1
Nasi Box Ayam,21/05/25,2
Nasi box vegan,21/05/25,1
Nasi Box Ayam,21/05/25,1
Snack box,21/05/25,2
Nasi Box Ayam,21/05/25,1
Snack Box,22/05/25,1
Nasi Box Vegan,22/05/25,2
Soup Sayur,22/05/25,2
Soup sayur,22/05/25,5
Nasi Box Ayam,22/05/25,1
Snack Box,22/05/25,1
Snack box,22/05/25,1
Soup sayur,22/05/25,1
Nasi Box Ayam,22/05/25,5
Soup Sayur,22/05/25,4
snack box,22/05/25,1
Soup Sayur,22/05/25,4
Nasi box vegan,22/05/25,1
Salad Ayam,22/05/25,1
Snack Box,22/05/25,1
Salad Ayam,22/05/25,1
Nasi Box Ayam,22/05/25,1
Soup sayur,23/05/25,1
Nasi Box Vegan,23/05/25,1
Snack box,23/05/25,1
Nasi box vegan,23/05/25,5
Nasi Box Ayam,23/05/25,2
Soup Sayur,23/05/25,1
Snack box,23/05/25,1
Salad Ayam,23/05/25,1
Soup sayur,23/05/25,1
Nasi Box Ayam,23/05/25,1
Soup Sayur,23/05/25,1
Snack Box,24/05/25,3
snack box,24/05/25,1
Soup Sayur,24/05/25,1
Nasi box vegan,24/05/25,1
Salad Ayam,24/05/25,3
snack box,24/05/25,2
Salad Ayam,24/05/25,2
Soup Sayur,24/05/25,1
Nasi box vegan,24/05/25,3
Salad Ayam,24/05/25,1
Nasi Box Ayam,24/05/25,1
Nasi Box Ayam,24/05/25,1
Nasi Box Ayam,24/05/25,2
Salad Ayam,24/05/25,2
Nasi Box Ayam,25/05/25,4
Soup Sayur,25/05/25,5
Nasi box vegan,25/05/25,2
Nasi Box Ayam,25/05/25,1
Soup Sayur,25/05/25,4
Nasi Box Vegan,25/05/25,5
Nasi Box Ayam,25/05/25,1
Nasi Box Vegan,25/05/25,1
Soup Sayur,25/05/25,2
Soup Sayur,25/05/25,5
Nasi Box Ayam,25/05/25,1
Soup Sayur,26/05/25,1
Soup Sayur,26/05/25,1
Soup Sayur,26/05/25,1
Salad Ayam,26/05/25,1
Soup Sayur,26/05/25,4
Snack Box,26/05/25,1
Nasi Box Vegan,26/05/25,1
Nasi Box Ayam,26/05/25,1
Soup sayur,26/05/25,2
Nasi Box Ayam,26/05/25,2
Soup sayur,26/05/25,1
Soup Sayur,27/05/25,3
Nasi Box Vegan,27/05/25,2
Nasi box vegan,27/05/25,2
Nasi box vegan,27/05/25,3
Soup sayur,27/05/25,1
Salad Ayam,27/05/25,1
Snack box,27/05/25,1
Nasi Box Ayam,27/05/25,4
Nasi box vegan,27/05/25,1
Salad Ayam,27/05/25,1
snack box,27/05/25,1
Soup Sayur,27/05/25,3
Nasi Box Ayam,27/05/25,2
Nasi box vegan,27/05/25,1
Snack Box,27/05/25,4
Soup Sayur,27/05/25,1
Salad Ayam,27/05/25,1
snack box,27/05/25,2
Salad Ayam,28/05/25,2
Nasi Box Ayam,28/05/25,1
Nasi box vegan,28/05/25,1
Snack box,28/05/25,1
Soup Sayur,28/05/25,1
snack box,28/05/25,1
Snack Box,28/05/25,1
Soup Sayur,28/05/25,4
Snack box,28/05/25,1
snack box,28/05/25,1
Salad Ayam,28/05/25,2
snack box,29/05/25,1
Soup Sayur,29/05/25,1
Nasi box vegan,29/05/25,1
Salad Ayam,29/05/25,1
Nasi Box Ayam,29/05/25,1
Salad Ayam,29/05/25,2
Nasi Box Ayam,29/05/25,1
Salad Ayam,29/05/25,1
Nasi Box Ayam,29/05/25,1
Salad Ayam,29/05/25,2
Nasi Box Vegan,29/05/25,1
Nasi box vegan,29/05/25,1
Nasi Box Ayam,29/05/25,2
Salad Ayam,29/05/25,1
Nasi Box Ayam,29/05/25,3
Snack box,29/05/25,1
Nasi Box Ayam,29/05/25,1
Nasi Box Ayam,30/05/25,1
Nasi box vegan,30/05/25,1
snack box,30/05/25,3
Nasi Box Ayam,30/05/25,1
Snack box,30/05/25,1
Nasi Box Ayam,30/05/25,2
snack box,30/05/25,1
Salad Ayam,30/05/25,1
Nasi Box Ayam,30/05/25,1
Nasi Box Vegan,31/05/25,1
Nasi Box Ayam,31/05/25,3
Nasi Box Vegan,31/05/25,1
Nasi Box Vegan,31/05/25,1
Soup Sayur,31/05/25,1
Salad Ayam,31/05/25,1
Soup Sayur,31/05/25,4
Nasi Box Ayam,31/05/25,1
Nasi box vegan,31/05/25,3
Nasi Box Ayam,31/05/25,1
Soup Sayur,31/05/25,1
Nasi Box Ayam,31/05/25,2
Nasi box vegan,31/05/25,2
Salad Ayam,31/05/25,1
Snack Box,31/05/25,5
Nasi Box Ayam,31/05/25,1
Soup sayur,31/05/25,1
Salad Ayam,31/05/25,1
Salad Ayam,01/06/25,3
Salad Ayam,01/06/25,3
Nasi Box Ayam,01/06/25,2
Salad Ayam,01/06/25,3
Snack box,01/06/25,1
Nasi Box Ayam,01/06/25,1
Soup sayur,01/06/25,1
Soup Sayur,01/06/25,5
Nasi Box Ayam,01/06/25,1
Snack box,01/06/25,1
Nasi Box Ayam,02/06/25,1
Nasi box vegan,02/06/25,3
Soup Sayur,02/06/25,1
Snack Box,02/06/25,1
Salad Ayam,02/06/25,1
Nasi Box Vegan,02/06/25,2
Nasi Box Ayam,02/06/25,1
Nasi Box Ayam,02/06/25,1
Snack box,02/06/25,4
Soup Sayur,02/06/25,1
Soup Sayur,02/06/25,4
Nasi Box Ayam,02/06/25,2
Salad Ayam,02/06/25,1
Nasi Box Ayam,02/06/25,2
Nasi Box Ayam,02/06/25,2
Snack box,03/06/25,4
Salad Ayam,03/06/25,1
Nasi Box Ayam,03/06/25,1
Nasi Box Ayam,03/06/25,1
Nasi Box Vegan,03/06/25,2
Salad Ayam,03/06/25,5
Snack box,03/06/25,1
Nasi Box Ayam,03/06/25,5
Soup Sayur,03/06/25,1
Salad Ayam,03/06/25,2
Soup Sayur,03/06/25,1
Soup sayur,03/06/25,1
Nasi Box Ayam,03/06/25,1
Salad Ayam,03/06/25,5
Salad Ayam,03/06/25,2
Soup Sayur,04/06/25,1
Nasi Box Ayam,04/06/25,1
Soup Sayur,04/06/25,1
Salad Ayam,04/06/25,1
Snack Box,04/06/25,2
Soup sayur,04/06/25,2
Salad Ayam,04/06/25,1
Nasi Box Vegan,04/06/25,2
Salad Ayam,04/06/25,3
Soup Sayur,04/06/25,3
Soup Sayur,04/06/25,1
Soup sayur,05/06/25,2
Snack box,05/06/25,1
Soup sayur,05/06/25,1
Nasi Box Ayam,05/06/25,1
Nasi Box Vegan,05/06/25,1
Soup Sayur,05/06/25,4
Snack box,06/06/25,3
Salad Ayam,06/06/25,5
snack box,06/06/25,1
Salad Ayam,06/06/25,1
Nasi Box Ayam,06/06/25,3
Salad Ayam,06/06/25,1
Nasi Box Ayam,06/06/25,1
Soup Sayur,06/06/25,1
Nasi Box Ayam,06/06/25,3
Nasi Box Ayam,06/06/25,4
snack box,06/06/25,1
Nasi Box Ayam,06/06/25,5
Nasi Box Ayam,06/06/25,1
Nasi Box Ayam,06/06/25,3
Soup sayur,06/06/25,1
Soup Sayur,06/06/25,1
Salad Ayam,07/06/25,1
Soup Sayur,07/06/25,4
snack box,07/06/25,1
snack box,07/06/25,3
Snack Box,07/06/25,1
Salad Ayam,07/06/25,1
Nasi Box Ayam,07/06/25,2
Nasi box vegan,07/06/25,3
Salad Ayam,07/06/25,1
Snack Box,07/06/25,1
Soup Sayur,07/06/25,1
Salad Ayam,07/06/25,1
Soup Sayur,07/06/25,1
Soup Sayur,07/06/25,1
Nasi Box Ayam,08/06/25,1
Nasi Box Ayam,08/06/25,2
Soup Sayur,08/06/25,2
Salad Ayam,08/06/25,3
Nasi Box Ayam,08/06/25,2
Nasi box vegan,08/06/25,3
Soup sayur,08/06/25,1
Salad Ayam,08/06/25,4
Snack Box,08/06/25,1
snack box,08/06/25,1
Nasi Box Ayam,08/06/25,1
Salad Ayam,08/06/25,1
Nasi box vegan,08/06/25,3
Nasi Box Ayam,09/06/25,3
Salad Ayam,09/06/25,1
Nasi Box Ayam,09/06/25,2
Nasi Box Ayam,09/06/25,3
Nasi Box Ayam,09/06/25,1
snack box,09/06/25,4
Soup sayur,09/06/25,2
Nasi box vegan,09/06/25,2
Snack box,09/06/25,1
Nasi Box Vegan,09/06/25,1
Nasi Box Ayam,09/06/25,1
Soup Sayur,09/06/25,5
Nasi Box Ayam,09/06/25,2
Nasi Box Ayam,10/06/25,4
Nasi Box Ayam,10/06/25,2
Snack box,10/06/25,1
snack box,10/06/25,1
Soup sayur,10/06/25,1
Salad Ayam,10/06/25,1
Salad Ayam,10/06/25,4
Nasi box vegan,10/06/25,4
Nasi Box Ayam,10/06/25,1
snack box,10/06/25,1
Soup Sayur,10/06/25,1
Soup Sayur,10/06/25,3
snack box,10/06/25,1
Salad Ayam,10/06/25,1
Snack Box,10/06/25,1
Salad Ayam,10/06/25,1
Nasi box vegan,10/06/25,1
Soup sayur,10/06/25,1
Nasi Box Ayam,10/06/25,1
Soup Sayur,11/06/25,1
Soup Sayur,11/06/25,1
Nasi Box Ayam,11/06/25,1
Nasi Box Vegan,11/06/25,1
Snack box,11/06/25,1
Salad Ayam,11/06/25,1
Salad Ayam,11/06/25,4
Nasi box vegan,11/06/25,1
snack box,11/06/25,2
Nasi Box Ayam,11/06/25,1
Salad Ayam,11/06/25,1
Snack box,11/06/25,1
Nasi Box Vegan,11/06/25,2
Nasi Box Ayam,11/06/25,5
Salad Ayam,11/06/25,1
Salad Ayam,11/06/25,1
snack box,11/06/25,1
Soup Sayur,11/06/25,1
Salad Ayam,12/06/25,1
Nasi Box Vegan,12/06/25,3
Salad Ayam,12/06/25,1
Nasi Box Ayam,12/06/25,2
Salad Ayam,12/06/25,1
Snack box,12/06/25,2
Salad Ayam,12/06/25,1
Soup Sayur,12/06/25,2
Salad Ayam,12/06/25,1
Soup sayur,12/06/25,2
Soup Sayur,12/06/25,1
Nasi Box Ayam,12/06/25,2
Nasi box vegan,12/06/25,3
Salad Ayam,12/06/25,2
Nasi Box Vegan,12/06/25,5
Soup Sayur,12/06/25,1
Soup Sayur,12/06/25,1
Soup Sayur,13/06/25,1
Nasi box vegan,13/06/25,1
Nasi Box Ayam,13/06/25,1
Soup Sayur,13/06/25,2
Nasi box vegan,13/06/25,1
Soup Sayur,13/06/25,1
Salad Ayam,13/06/25,2
Soup sayur,13/06/25,2
Nasi Box Ayam,13/06/25,3
Salad Ayam,13/06/25,3
Salad Ayam,13/06/25,1
Snack Box,14/06/25,1
Nasi Box Ayam,14/06/25,3
Nasi Box Vegan,14/06/25,2
Soup sayur,14/06/25,2
Nasi Box Ayam,14/06/25,1
Salad Ayam,14/06/25,1
Nasi box vegan,14/06/25,2
Snack box,14/06/25,3
Salad Ayam,14/06/25,1
Soup Sayur,14/06/25,3
snack box,14/06/25,1
Soup Sayur,15/06/25,1
Nasi Box Ayam,15/06/25,1
Soup Sayur,15/06/25,2
Soup Sayur,15/06/25,2
Salad Ayam,15/06/25,5
Nasi Box Ayam,15/06/25,1
Salad Ayam,15/06/25,1
Soup Sayur,15/06/25,1
Nasi Box Vegan,15/06/25,2
Soup Sayur,15/06/25,1
Snack box,15/06/25,1
Nasi Box Ayam,15/06/25,2
Nasi Box Ayam,16/06/25,2
Snack box,16/06/25,1
Nasi Box Ayam,16/06/25,2
Nasi Box Ayam,16/06/25,1
Salad Ayam,16/06/25,1
Salad Ayam,16/06/25,1
Snack box,16/06/25,2
Snack Box,16/06/25,1
Salad Ayam,16/06/25,5
Nasi Box Ayam,16/06/25,2
Salad Ayam,16/06/25,1
Soup Sayur,16/06/25,1
Nasi Box Ayam,16/06/25,1
Salad Ayam,16/06/25,1
Soup Sayur,16/06/25,1
Nasi Box Ayam,16/06/25,1
Nasi Box Ayam,16/06/25,1
Nasi Box Ayam,16/06/25,2
snack box,16/06/25,2
Salad Ayam,17/06/25,1
Nasi box vegan,17/06/25,1
Salad Ayam,17/06/25,1
Soup Sayur,17/06/25,5
Nasi box vegan,17/06/25,1
Salad Ayam,17/06/25,3
Salad Ayam,17/06/25,1
Nasi Box Ayam,17/06/25,1
Nasi Box Vegan,17/06/25,1
Nasi Box Ayam,17/06/25,3
Salad Ayam,17/06/25,1
Salad Ayam,18/06/25,1
Snack box,18/06/25,4
Nasi Box Ayam,18/06/25,5
Salad Ayam,18/06/25,1
Salad Ayam,18/06/25,3
Snack box,18/06/25,1
Snack Box,18/06/25,4
Salad Ayam,18/06/25,3
Soup sayur,18/06/25,2
Soup Sayur,18/06/25,2
Nasi box vegan,19/06/25,2
Nasi Box Vegan,19/06/25,4
Salad Ayam,19/06/25,1
Nasi Box Vegan,19/06/25,1
Nasi box vegan,19/06/25,2
Snack Box,19/06/25,1
Nasi Box Ayam,19/06/25,5
Soup Sayur,19/06/25,2
snack box,19/06/25,3
Salad Ayam,20/06/25,4
snack box,20/06/25,1
Soup sayur,20/06/25,2
Nasi Box Ayam,20/06/25,2
Snack Box,20/06/25,3
Soup sayur,20/06/25,2
Nasi Box Ayam,20/06/25,3
Soup Sayur,20/06/25,2
Soup Sayur,20/06/25,3
Soup Sayur,20/06/25,4
Nasi Box Vegan,20/06/25,1
Salad Ayam,20/06/25,1
Soup Sayur,20/06/25,2
Nasi box vegan,20/06/25,1
Soup sayur,20/06/25,1
Soup Sayur,20/06/25,4
Snack box,20/06/25,1
Soup sayur,21/06/25,2
snack box,21/06/25,1
Salad Ayam,21/06/25,1
Nasi Box Ayam,21/06/25,1
Snack Box,21/06/25,1
snack box,21/06/25,1
Soup Sayur,21/06/25,3
Nasi Box Ayam,21/06/25,1
Snack Box,21/06/25,3
Snack Box,21/06/25,1
snack box,21/06/25,1
Soup Sayur,21/06/25,1
Nasi Box Ayam,21/06/25,1
Nasi Box Ayam,22/06/25,1
Nasi Box Ayam,22/06/25,1
Snack box,22/06/25,1
snack box,22/06/25,2
Soup Sayur,22/06/25,2
Soup Sayur,22/06/25,1
Nasi Box Ayam,22/06/25,1
Nasi box vegan,22/06/25,4
snack box,22/06/25,2
Snack Box,22/06/25,2
Soup Sayur,22/06/25,1
Nasi Box Ayam,22/06/25,1
Nasi Box Ayam,22/06/25,1
Salad Ayam,22/06/25,3
Nasi Box Ayam,23/06/25,1
Snack box,23/06/25,1
Nasi Box Vegan,23/06/25,1
Nasi Box Ayam,23/06/25,1
Salad Ayam,23/06/25,1
Soup sayur,23/06/25,1
Nasi Box Ayam,23/06/25,1
Soup sayur,23/06/25,3
Nasi Box Ayam,23/06/25,1
Nasi Box Ayam,23/06/25,4
Soup Sayur,23/06/25,1
Salad Ayam,23/06/25,1
snack box,23/06/25,1
Soup sayur,23/06/25,3
Nasi Box Ayam,23/06/25,5
Soup Sayur,23/06/25,1
Salad Ayam,23/06/25,1
Salad Ayam,24/06/25,1
Nasi Box Vegan,24/06/25,1
Snack Box,24/06/25,1
Soup Sayur,24/06/25,1
Nasi Box Ayam,24/06/25,1
Snack Box,24/06/25,2
Nasi box vegan,24/06/25,1
Nasi Box Ayam,24/06/25,1
Nasi Box Ayam,24/06/25,3
Nasi Box Vegan,24/06/25,4
Soup Sayur,25/06/25,1
snack box,25/06/25,4
Snack Box,25/06/25,1
Nasi Box Ayam,25/06/25,1
Nasi box vegan,25/06/25,1
Nasi Box Ayam,25/06/25,4
Soup Sayur,25/06/25,1
Soup Sayur,25/06/25,3
Nasi Box Ayam,25/06/25,2
Nasi Box Ayam,25/06/25,1
Nasi Box Ayam,25/06/25,2
Nasi Box Ayam,25/06/25,1
Nasi Box Ayam,25/06/25,1
Salad Ayam,26/06/25,1
snack box,26/06/25,1
Salad Ayam,26/06/25,1
Soup sayur,26/06/25,1
Nasi Box Vegan,26/06/25,3
Salad Ayam,26/06/25,2
Nasi Box Ayam,26/06/25,2
Soup Sayur,26/06/25,2
Snack box,26/06/25,3
Soup Sayur,26/06/25,2
Nasi Box Vegan,26/06/25,4
Nasi Box Ayam,26/06/25,1
Nasi box vegan,27/06/25,1
Salad Ayam,27/06/25,1
Soup sayur,27/06/25,1
Nasi Box Ayam,27/06/25,2
snack box,27/06/25,1
Nasi Box Vegan,27/06/25,1
Snack box,27/06/25,1
Soup Sayur,27/06/25,1
Snack box,27/06/25,1
Snack Box,27/06/25,2
Nasi box vegan,27/06/25,1
Salad Ayam,27/06/25,1
Soup Sayur,27/06/25,2
Soup sayur,27/06/25,1
Salad Ayam,27/06/25,2
Salad Ayam,27/06/25,1
Soup Sayur,27/06/25,1
Snack box,27/06/25,4
Salad Ayam,27/06/25,4
Nasi Box Ayam,27/06/25,1
Nasi Box Ayam,27/06/25,3
Soup Sayur,28/06/25,4
Nasi Box Ayam,28/06/25,4
Nasi Box Vegan,28/06/25,1
Nasi box vegan,28/06/25,1
Soup Sayur,28/06/25,1
Snack Box,28/06/25,3
Nasi Box Ayam,28/06/25,1
Salad Ayam,28/06/25,1
Nasi Box Vegan,29/06/25,1
Nasi Box Ayam,29/06/25,2
Nasi Box Ayam,29/06/25,2
Snack Box,29/06/25,1
Nasi Box Ayam,29/06/25,2
Snack box,29/06/25,2
Nasi Box Ayam,29/06/25,2
Nasi Box Vegan,29/06/25,1
Soup sayur,29/06/25,1
Snack Box,29/06/25,4
Snack Box,30/06/25,2
Soup sayur,30/06/25,1
Nasi Box Ayam,30/06/25,1
Salad Ayam,30/06/25,1
Nasi Box Ayam,30/06/25,5
Salad Ayam,30/06/25,1
Snack Box,30/06/25,2
Soup Sayur,30/06/25,2
Nasi Box Ayam,30/06/25,1
Soup Sayur,30/06/25,1
Salad Ayam,30/06/25,3
Nasi Box Ayam,30/06/25,3
Snack Box,30/06/25,1
Salad Ayam,30/06/25,4
Nasi Box Ayam,30/06/25,1
Nasi Box Ayam,30/06/25,2
Salad Ayam,30/06/25,1
Soup sayur,30/06/25,1
snack box,01/07/25,2
Soup Sayur,01/07/25,2
Nasi Box Ayam,01/07/25,1
Nasi Box Ayam,01/07/25,1
Snack box,01/07/25,1
Nasi Box Ayam,01/07/25,1
Nasi Box Ayam,01/07/25,1
Snack box,01/07/25,1
Salad Ayam,01/07/25,1
Nasi Box Vegan,01/07/25,1
Nasi Box Ayam,01/07/25,1
snack box,01/07/25,3
Snack box,02/07/25,2
Soup Sayur,02/07/25,1
snack box,02/07/25,4
Snack Box,02/07/25,1
Nasi box vegan,02/07/25,1
Nasi Box Ayam,02/07/25,1
Nasi Box Vegan,02/07/25,1
Nasi box vegan,02/07/25,1
Snack box,02/07/25,2
Nasi Box Ayam,02/07/25,2
Soup sayur,02/07/25,2
Nasi box vegan,02/07/25,5
Nasi Box Ayam,02/07/25,2
Nasi box vegan,02/07/25,3
Salad Ayam,02/07/25,1
Salad Ayam,02/07/25,1
Salad Ayam,02/07/25,1
Soup Sayur,02/07/25,2
Nasi Box Ayam,02/07/25,1
Nasi box vegan,02/07/25,5
Snack box,02/07/25,1
snack box,02/07/25,3
Nasi Box Ayam,02/07/25,2
Snack box,03/07/25,1
Salad Ayam,03/07/25,2
Salad Ayam,03/07/25,1
Snack Box,03/07/25,1
Soup sayur,03/07/25,3
Soup sayur,04/07/25,1
Soup Sayur,04/07/25,1
Nasi Box Ayam,04/07/25,1
Nasi Box Ayam,04/07/25,2
Soup sayur,04/07/25,1
Nasi Box Vegan,04/07/25,1
Soup Sayur,04/07/25,5
Nasi Box Ayam,04/07/25,1
Nasi Box Ayam,05/07/25,1
Salad Ayam,05/07/25,1
Nasi Box Vegan,05/07/25,1
Nasi Box Vegan,05/07/25,1
Snack Box,05/07/25,1
Nasi Box Ayam,05/07/25,1
soup sayur,05/07/25,1
Soup sayur,05/07/25,2
Salad Ayam,05/07/25,1
Soup Sayur,05/07/25,1
Nasi Box Vegan,05/07/25,2
Soup Sayur,05/07/25,3
Nasi Box Ayam,05/07/25,1
Salad Ayam,05/07/25,2
Nasi Box Ayam,05/07/25,1
Soup sayur,05/07/25,1
Nasi box vegan,05/07/25,4
Nasi Box Ayam,05/07/25,1
Snack box,06/07/25,1
Snack Box,06/07/25,1
Nasi Box Ayam,06/07/25,1
Snack box,06/07/25,1
Nasi Box Vegan,06/07/25,5
Nasi Box Ayam,06/07/25,3
Nasi box vegan,06/07/25,3
Soup sayur,06/07/25,1
Salad Ayam,06/07/25,1
Snack Box,06/07/25,3
Snack Box,06/07/25,2
Salad Ayam,06/07/25,1
Nasi Box Vegan,06/07/25,1
Nasi Box Ayam,06/07/25,1
Salad Ayam,06/07/25,1
Snack Box,06/07/25,1
Nasi Box Ayam,07/07/25,3
Salad Ayam,07/07/25,3
Soup Sayur,07/07/25,4
Salad Ayam,07/07/25,5
Nasi Box Ayam,07/07/25,1
Soup sayur,07/07/25,1
Salad Ayam,07/07/25,1
Snack box,07/07/25,5
Nasi Box Ayam,07/07/25,1
Nasi Box Ayam,07/07/25,4
Salad Ayam,07/07/25,1
Snack box,07/07/25,2
Soup Sayur,07/07/25,5
Salad Ayam,07/07/25,2
Nasi Box Vegan,08/07/25,1
Snack Box,08/07/25,1
Salad Ayam,08/07/25,1
Soup Sayur,08/07/25,1
Nasi Box Ayam,08/07/25,1
Snack box,08/07/25,2
Soup Sayur,08/07/25,1
Nasi Box Ayam,08/07/25,1
Salad Ayam,08/07/25,1
Snack box,08/07/25,5
snack box,08/07/25,1
Nasi Box Ayam,08/07/25,3
Nasi box vegan,09/07/25,1
Nasi box vegan,09/07/25,1
Nasi Box Ayam,09/07/25,1
Snack Box,09/07/25,1
Soup sayur,09/07/25,2
Salad Ayam,09/07/25,1
Snack Box,09/07/25,1
Nasi box vegan,09/07/25,1
Nasi Box Ayam,09/07/25,3
Nasi Box Ayam,09/07/25,2
Nasi Box Ayam,09/07/25,1
Nasi Box Ayam,09/07/25,1
Soup sayur,09/07/25,4
Soup Sayur,09/07/25,1
Soup Sayur,09/07/25,3
Soup sayur,09/07/25,2
Salad Ayam,09/07/25,1
Nasi Box Vegan,10/07/25,1
Soup Sayur,10/07/25,4
Soup Sayur,10/07/25,4
Nasi Box Ayam,10/07/25,1
Nasi Box Ayam,10/07/25,4
Soup Sayur,10/07/25,1
snack box,10/07/25,4
Salad Ayam,10/07/25,2
Nasi Box Ayam,10/07/25,1
Snack box,10/07/25,3
Soup Sayur,11/07/25,2
Nasi Box Vegan,11/07/25,3
Nasi box vegan,11/07/25,1
Nasi box vegan,11/07/25,1
Snack box,11/07/25,3
Nasi Box Ayam,11/07/25,1
Snack Box,11/07/25,1
Snack Box,11/07/25,1
Snack box,11/07/25,2
Nasi Box Ayam,11/07/25,1
Nasi Box Ayam,11/07/25,1
Nasi Box Ayam,11/07/25,5
Nasi box vegan,11/07/25,5
Nasi Box Ayam,11/07/25,3
Nasi Box Ayam,11/07/25,1
Nasi Box Ayam,11/07/25,1
Snack box,12/07/25,1
Soup Sayur,12/07/25,1
Salad Ayam,12/07/25,1
Soup Sayur,12/07/25,1
Salad Ayam,12/07/25,1
Salad Ayam,12/07/25,1
Nasi Box Ayam,12/07/25,1
Nasi Box Vegan,12/07/25,1
Soup Sayur,12/07/25,4
Nasi Box Ayam,12/07/25,2
Snack box,13/07/25,1
Snack box,13/07/25,1
Nasi Box Ayam,13/07/25,2
snack box,13/07/25,4
Nasi Box Ayam,13/07/25,1
Soup Sayur,13/07/25,2
Salad Ayam,13/07/25,3
snack box,13/07/25,1
Nasi Box Ayam,13/07/25,2
Salad Ayam,13/07/25,4
Salad Ayam,14/07/25,1
Salad Ayam,14/07/25,1
Nasi Box Ayam,14/07/25,2
Nasi Box Ayam,14/07/25,2
Salad Ayam,14/07/25,1
Nasi Box Ayam,14/07/25,1
Salad Ayam,14/07/25,2
Nasi Box Ayam,14/07/25,2
Soup sayur,14/07/25,1
Snack Box,15/07/25,5
Soup sayur,15/07/25,5
Nasi box vegan,15/07/25,1
Salad Ayam,15/07/25,1
Salad Ayam,15/07/25,2
Snack box,15/07/25,1
Nasi box vegan,15/07/25,1
snack box,15/07/25,1
Nasi Box Ayam,15/07/25,1
Salad Ayam,15/07/25,1
Snack box,15/07/25,3
Salad Ayam,15/07/25,1
Nasi Box Ayam,15/07/25,2
Soup Sayur,15/07/25,1
Nasi Box Ayam,15/07/25,3
Nasi Box Ayam,16/07/25,2
Snack box,16/07/25,1
Salad Ayam,16/07/25,5
Nasi Box Vegan,16/07/25,1
Snack box,16/07/25,1
Snack Box,16/07/25,1
snack box,16/07/25,1
Nasi Box Vegan,16/07/25,4
Nasi Box Ayam,16/07/25,2
Nasi Box Ayam,16/07/25,1
Soup Sayur,17/07/25,2
Salad Ayam,17/07/25,1
Nasi Box Ayam,17/07/25,1
Nasi box vegan,17/07/25,1
Soup Sayur,17/07/25,5
snack box,17/07/25,1
Soup Sayur,17/07/25,3
Nasi Box Ayam,17/07/25,2
Soup Sayur,17/07/25,1
Soup Sayur,17/07/25,1
Nasi Box Vegan,17/07/25,2
Nasi Box Vegan,18/07/25,1
Salad Ayam,18/07/25,1
snack box,18/07/25,2
Salad Ayam,18/07/25,1
Nasi box vegan,18/07/25,1
Salad Ayam,18/07/25,1
Nasi box vegan,18/07/25,3
Nasi Box Ayam,18/07/25,1
Nasi box vegan,18/07/25,1
Soup Sayur,18/07/25,1
Nasi Box Ayam,18/07/25,3
Salad Ayam,18/07/25,1
Salad Ayam,19/07/25,1
Soup Sayur,19/07/25,1
Snack Box,19/07/25,1
Snack Box,19/07/25,1
Snack Box,19/07/25,1
Snack Box,19/07/25,4
snack box,19/07/25,1
Nasi Box Ayam,19/07/25,1
Salad Ayam,19/07/25,1
Salad Ayam,19/07/25,2
Salad Ayam,19/07/25,3
Nasi box vegan,19/07/25,4
Nasi Box Vegan,19/07/25,1
Snack box,19/07/25,1
Soup Sayur,19/07/25,1
Salad Ayam,19/07/25,3
Soup Sayur,20/07/25,1
Nasi Box Vegan,20/07/25,1
Salad Ayam,20/07/25,1
Nasi box vegan,20/07/25,1
Nasi Box Ayam,20/07/25,1
Nasi Box Ayam,20/07/25,2
Salad Ayam,20/07/25,1
Snack Box,20/07/25,4
Salad Ayam,20/07/25,2
Soup Sayur,20/07/25,1
Nasi Box Ayam,21/07/25,1
Salad Ayam,21/07/25,1
Salad Ayam,21/07/25,1
Nasi Box Ayam,21/07/25,2
snack box,21/07/25,2
Soup Sayur,21/07/25,1
Salad Ayam,21/07/25,1
Nasi Box Ayam,21/07/25,1
Nasi Box Ayam,21/07/25,1
Salad Ayam,21/07/25,2
Nasi Box Ayam,21/07/25,2
Salad Ayam,21/07/25,1
Soup Sayur,21/07/25,2
Nasi box vegan,21/07/25,1
Nasi Box Ayam,21/07/25,1
Nasi box vegan,22/07/25,2
Nasi box vegan,22/07/25,1
snack box,22/07/25,3
Salad Ayam,22/07/25,1
Salad Ayam,22/07/25,4
Nasi box vegan,22/07/25,1
snack box,22/07/25,1
Nasi box vegan,22/07/25,2
Salad Ayam,22/07/25,1
Nasi box vegan,22/07/25,3
Nasi Box Ayam,22/07/25,1
Nasi Box Ayam,22/07/25,1
Snack box,22/07/25,2
Snack Box,22/07/25,1
Nasi box vegan,23/07/25,1
Nasi Box Vegan,23/07/25,1
Nasi Box Ayam,23/07/25,2
Nasi Box Ayam,23/07/25,1
Snack Box,23/07/25,1
Nasi Box Ayam,23/07/25,2
Nasi Box Ayam,23/07/25,1
Nasi Box Ayam,23/07/25,3
Snack Box,23/07/25,3
Nasi Box Ayam,23/07/25,1
Nasi Box Ayam,23/07/25,1
Nasi box vegan,23/07/25,2
Soup Sayur,23/07/25,1
Nasi box vegan,23/07/25,1
Nasi Box Ayam,23/07/25,1
Soup Sayur,23/07/25,1
Nasi box vegan,23/07/25,1
Salad Ayam,23/07/25,1
Nasi Box Ayam,24/07/25,1
Soup Sayur,24/07/25,2
Nasi Box Vegan,24/07/25,1
Nasi Box Ayam,24/07/25,3
snack box,24/07/25,1
Salad Ayam,24/07/25,1
Nasi Box Ayam,24/07/25,1
Snack Box,24/07/25,1
Snack box,24/07/25,1
Soup sayur,24/07/25,1
Nasi box vegan,24/07/25,2
Nasi Box Vegan,25/07/25,1
Nasi Box Vegan,25/07/25,1
Salad Ayam,25/07/25,2
Nasi Box Ayam,25/07/25,1
Nasi Box Ayam,25/07/25,1
Nasi Box Ayam,25/07/25,1
Soup sayur,25/07/25,1
Salad Ayam,25/07/25,2
Salad Ayam,25/07/25,1
snack box,25/07/25,1
Nasi Box Ayam,25/07/25,1
Salad Ayam,25/07/25,1
snack box,25/07/25,3
Salad Ayam,25/07/25,3
Soup sayur,25/07/25,2
Soup Sayur,25/07/25,1
Snack box,26/07/25,2
Soup sayur,26/07/25,1
Nasi Box Vegan,26/07/25,1
Snack box,26/07/25,1
Salad Ayam,26/07/25,1
Nasi Box Ayam,26/07/25,2
Nasi Box Ayam,26/07/25,2
Nasi Box Ayam,26/07/25,2
Soup Sayur,26/07/25,2
Nasi box vegan,26/07/25,1
Salad Ayam,26/07/25,3
Soup Sayur,26/07/25,1
Soup sayur,26/07/25,2
Salad Ayam,26/07/25,2
snack box,26/07/25,1
Salad Ayam,26/07/25,1
Nasi Box Ayam,26/07/25,1
Nasi Box Ayam,26/07/25,3
Soup Sayur,26/07/25,3
snack box,26/07/25,4
Nasi Box Vegan,26/07/25,4
Nasi Box Ayam,26/07/25,5
snack box,26/07/25,2
Salad Ayam,27/07/25,4
Nasi Box Ayam,27/07/25,2
Nasi Box Ayam,27/07/25,4
Salad Ayam,27/07/25,1
snack box,27/07/25,1
Nasi Box Ayam,27/07/25,1
Snack box,27/07/25,2
snack box,27/07/25,1
Salad Ayam,27/07/25,1
Soup Sayur,27/07/25,1
Salad Ayam,27/07/25,1
Salad Ayam,27/07/25,1
Snack Box,27/07/25,1
Nasi box vegan,28/07/25,1
Snack box,28/07/25,1
Salad Ayam,28/07/25,1
Snack box,28/07/25,2
Snack Box,28/07/25,1
snack box,28/07/25,1
Salad Ayam,28/07/25,1
Salad Ayam,28/07/25,1
Nasi box vegan,28/07/25,1
Nasi box vegan,28/07/25,5
Salad Ayam,28/07/25,1
Nasi Box Ayam,29/07/25,2
Nasi Box Ayam,29/07/25,1
Nasi Box Ayam,29/07/25,1
Salad Ayam,29/07/25,1
Salad Ayam,29/07/25,1
Nasi Box Ayam,29/07/25,1
Soup Sayur,29/07/25,1
Soup sayur,29/07/25,2
Nasi Box Ayam,29/07/25,4
Salad Ayam,29/07/25,5
Nasi Box Ayam,29/07/25,1
Soup Sayur,29/07/25,3
Nasi Box Ayam,30/07/25,1
Nasi Box Ayam,30/07/25,2
Snack box,30/07/25,1
Nasi box vegan,30/07/25,1
Snack Box,30/07/25,5
Snack box,30/07/25,1
Soup sayur,30/07/25,1
Nasi Box Ayam,30/07/25,2
Salad Ayam,30/07/25,4
Nasi Box Ayam,30/07/25,2
Nasi Box Ayam,30/07/25,2
Nasi Box Ayam,30/07/25,1
Snack Box,30/07/25,2
Soup Sayur,30/07/25,1
Soup Sayur,30/07/25,4
Nasi box vegan,30/07/25,1
Nasi box vegan,30/07/25,5
Nasi Box Ayam,31/07/25,2
snack box,31/07/25,1
Snack box,31/07/25,1
Nasi Box Ayam,31/07/25,3
Snack Box,31/07/25,1
Nasi Box Ayam,31/07/25,1
Soup Sayur,31/07/25,1
Nasi Box Ayam,31/07/25,2
Snack Box,31/07/25,2
Soup Sayur,31/07/25,1
Nasi Box Ayam,31/07/25,1
Nasi Box Vegan,31/07/25,1
Salad Ayam,31/07/25,5
Snack Box,01/08/25,1
Nasi Box Ayam,01/08/25,2
Snack box,01/08/25,2
Salad Ayam,01/08/25,1
Soup Sayur,01/08/25,2
Soup Sayur,01/08/25,2
Nasi Box Ayam,01/08/25,2
Salad Ayam,01/08/25,2
Salad Ayam,01/08/25,5
Snack box,01/08/25,2
Nasi Box Ayam,01/08/25,1
Nasi Box Ayam,01/08/25,4
Nasi Box Vegan,01/08/25,3
Nasi Box Vegan,02/08/25,1
Snack Box,02/08/25,1
Soup sayur,02/08/25,1
Salad Ayam,02/08/25,2
Nasi Box Ayam,02/08/25,3
Nasi Box Ayam,02/08/25,2
Salad Ayam,02/08/25,2
Soup sayur,02/08/25,1
Nasi box vegan,02/08/25,2
Nasi Box Ayam,02/08/25,3
Nasi Box Ayam,02/08/25,1
Nasi Box Vegan,02/08/25,5
Salad Ayam,02/08/25,2
Soup Sayur,02/08/25,4
Nasi box vegan,02/08/25,2
Snack Box,03/08/25,3
Nasi Box Vegan,03/08/25,2
Soup Sayur,03/08/25,1
Nasi Box Ayam,03/08/25,1
Nasi box vegan,03/08/25,1
Nasi Box Vegan,03/08/25,1
Nasi Box Ayam,03/08/25,1
Nasi Box Ayam,03/08/25,1
Soup sayur,03/08/25,4
Salad Ayam,03/08/25,1
snack box,04/08/25,3
Nasi Box Ayam,04/08/25,2
Salad Ayam,04/08/25,1
Soup Sayur,04/08/25,1
Soup Sayur,04/08/25,1
Nasi Box Ayam,04/08/25,1
Salad Ayam,04/08/25,1
Snack Box,04/08/25,2
Nasi Box Ayam,04/08/25,1
Nasi box vegan,04/08/25,1
Snack Box,05/08/25,3
Salad Ayam,05/08/25,2
Soup sayur,05/08/25,2
Salad Ayam,05/08/25,1
Nasi Box Ayam,05/08/25,1
Soup Sayur,05/08/25,1
Nasi Box Ayam,05/08/25,4
Snack Box,05/08/25,1
Nasi Box Ayam,05/08/25,1
Snack Box,05/08/25,1
snack box,05/08/25,3
Salad Ayam,05/08/25,1
Soup Sayur,05/08/25,1
Soup Sayur,05/08/25,1
Nasi box vegan,05/08/25,4
Salad Ayam,05/08/25,4
Salad Ayam,05/08/25,1
Nasi Box Ayam,05/08/25,2
Nasi Box Ayam,05/08/25,1
Nasi Box Ayam,05/08/25,2
Nasi Box Ayam,06/08/25,1
snack box,06/08/25,5
Salad Ayam,06/08/25,1
Salad Ayam,06/08/25,3
Soup Sayur,06/08/25,1
Salad Ayam,06/08/25,3
Soup sayur,06/08/25,1
Snack Box,06/08/25,1
Nasi Box Ayam,06/08/25,1
Soup Sayur,06/08/25,1
Nasi box vegan,07/08/25,1
Nasi Box Ayam,07/08/25,3
Soup Sayur,07/08/25,2
Soup sayur,07/08/25,1
Salad Ayam,07/08/25,1
Salad Ayam,07/08/25,1
Snack box,07/08/25,1
Salad Ayam,07/08/25,1
Nasi Box Ayam,07/08/25,3
Soup Sayur,07/08/25,1
Soup sayur,07/08/25,1
Nasi Box Ayam,07/08/25,1
Salad Ayam,07/08/25,3
Nasi box vegan,07/08/25,1
Nasi Box Vegan,07/08/25,2
Salad Ayam,07/08/25,1
Nasi box vegan,08/08/25,1
Nasi Box Ayam,08/08/25,1
Nasi Box Ayam,08/08/25,5
Salad Ayam,08/08/25,1
Nasi Box Ayam,08/08/25,1
Snack box,08/08/25,1
Nasi Box Ayam,08/08/25,1
Salad Ayam,08/08/25,4
snack box,08/08/25,2
Salad Ayam,08/08/25,1
Salad Ayam,08/08/25,2
Salad Ayam,08/08/25,2
Snack box,08/08/25,3
Salad Ayam,09/08/25,2
Soup Sayur,09/08/25,1
Nasi Box Ayam,09/08/25,1
snack box,09/08/25,3
Salad Ayam,09/08/25,4
Nasi Box Vegan,09/08/25,2
Nasi Box Vegan,09/08/25,1
Soup Sayur,09/08/25,1
Soup sayur,09/08/25,1
Nasi Box Ayam,09/08/25,3
Snack box,09/08/25,1
snack box,09/08/25,1
Nasi Box Ayam,09/08/25,1
Nasi Box Ayam,09/08/25,1
Snack Box,09/08/25,1
Nasi Box Ayam,09/08/25,1
Soup Sayur,09/08/25,1
snack box,09/08/25,1
Salad Ayam,09/08/25,1
Nasi Box Ayam,10/08/25,2
snack box,10/08/25,1
Salad Ayam,10/08/25,2
Salad Ayam,10/08/25,1
Soup sayur,10/08/25,1
Salad Ayam,10/08/25,5
snack box,10/08/25,3
Nasi Box Ayam,10/08/25,1
Nasi Box Ayam,10/08/25,2
Snack Box,10/08/25,1
Nasi Box Ayam,10/08/25,2
Soup Sayur,11/08/25,2
Nasi Box Vegan,11/08/25,4
Salad Ayam,11/08/25,2
Nasi Box Ayam,11/08/25,4
Salad Ayam,12/08/25,1
Salad Ayam,12/08/25,1
Nasi box vegan,12/08/25,2
Nasi Box Ayam,12/08/25,1
Soup Sayur,12/08/25,2
Nasi Box Ayam,12/08/25,1
Salad Ayam,12/08/25,2
Soup sayur,12/08/25,3
Soup Sayur,12/08/25,1
Salad Ayam,12/08/25,1
Nasi Box Ayam,12/08/25,1
Salad Ayam,12/08/25,1
Soup Sayur,12/08/25,4
Nasi Box Vegan,12/08/25,4
Nasi box vegan,12/08/25,4
Snack Box,12/08/25,1
Nasi Box Ayam,13/08/25,1
Nasi box vegan,13/08/25,3
Nasi Box Ayam,13/08/25,1
Snack box,13/08/25,1
Nasi Box Vegan,13/08/25,1
Nasi Box Ayam,13/08/25,2
Salad Ayam,13/08/25,1
Soup Sayur,13/08/25,1
snack box,13/08/25,4
Salad Ayam,13/08/25,1
Salad Ayam,13/08/25,1
Salad Ayam,13/08/25,2
snack box,13/08/25,2
Salad Ayam,13/08/25,1
Nasi Box Ayam,13/08/25,2
Soup Sayur,13/08/25,2
Salad Ayam,14/08/25,1
Nasi Box Ayam,14/08/25,1
Snack box,14/08/25,1
Soup Sayur,14/08/25,1
Nasi Box Ayam,14/08/25,3
Snack box,14/08/25,1
Nasi Box Ayam,14/08/25,1
Soup sayur,14/08/25,1
Nasi Box Vegan,14/08/25,2
Salad Ayam,14/08/25,2
Nasi Box Ayam,14/08/25,1
Snack Box,14/08/25,2
Nasi Box Ayam,14/08/25,1
Snack Box,14/08/25,2
snack box,14/08/25,4
Nasi Box Ayam,14/08/25,1
Soup Sayur,14/08/25,3
Nasi box vegan,14/08/25,1
Nasi Box Ayam,14/08/25,1
Snack Box,15/08/25,1
Nasi Box Vegan,15/08/25,3
snack box,15/08/25,3
Soup Sayur,15/08/25,1
Soup Sayur,15/08/25,4
Soup Sayur,15/08/25,1
Nasi Box Vegan,15/08/25,1
Nasi Box Ayam,15/08/25,1
Soup Sayur,15/08/25,1
Nasi Box Ayam,15/08/25,1
Snack box,15/08/25,5
Nasi Box Ayam,15/08/25,1
Salad Ayam,15/08/25,4
snack box,15/08/25,2
Nasi Box Ayam,15/08/25,1
Soup sayur,15/08/25,5
Nasi Box Ayam,15/08/25,1
Soup sayur,15/08/25,1
Nasi Box Ayam,15/08/25,1
Soup Sayur,16/08/25,1
Nasi Box Ayam,16/08/25,1
Nasi Box Ayam,16/08/25,1
Salad Ayam,16/08/25,1
Snack box,16/08/25,5
Nasi Box Ayam,16/08/25,1
Soup Sayur,16/08/25,1
Nasi Box Ayam,16/08/25,1
Nasi Box Ayam,16/08/25,1
Nasi box vegan,16/08/25,2
Nasi box vegan,16/08/25,3
Salad Ayam,16/08/25,1
snack box,16/08/25,3
Nasi Box Ayam,16/08/25,1
Salad Ayam,16/08/25,2
Nasi Box Vegan,16/08/25,2
Nasi Box Vegan,16/08/25,1
Nasi Box Ayam,16/08/25,1
Salad Ayam,16/08/25,1
Nasi Box Ayam,16/08/25,1
Salad Ayam,17/08/25,4
Soup Sayur,17/08/25,1
Nasi box vegan,17/08/25,3
Nasi Box Ayam,17/08/25,5
Salad Ayam,17/08/25,5
Salad Ayam,17/08/25,1
Nasi Box Ayam,17/08/25,1
Nasi Box Ayam,17/08/25,1
Salad Ayam,17/08/25,1
Nasi Box Ayam,17/08/25,1
Nasi Box Ayam,18/08/25,1
Nasi Box Ayam,18/08/25,3
Nasi Box Ayam,18/08/25,1
Soup sayur,18/08/25,1
snack box,18/08/25,2
Snack Box,18/08/25,2
Nasi Box Ayam,18/08/25,2
Nasi Box Ayam,18/08/25,1
Salad Ayam,18/08/25,1
Nasi Box Ayam,18/08/25,1
Nasi Box Ayam,18/08/25,2
Salad Ayam,19/08/25,2
Nasi Box Vegan,19/08/25,5
Salad Ayam,19/08/25,1
Nasi Box Ayam,19/08/25,3
Salad Ayam,19/08/25,1
snack box,19/08/25,1
Snack Box,19/08/25,2
Salad Ayam,19/08/25,3
Soup sayur,19/08/25,1
Snack box,19/08/25,2
Nasi box vegan,19/08/25,1
Soup sayur,20/08/25,1
Snack box,20/08/25,1
Nasi box vegan,20/08/25,4
Nasi Box Vegan,20/08/25,1
Nasi Box Ayam,20/08/25,2
Salad Ayam,20/08/25,2
Salad Ayam,20/08/25,1
Nasi Box Vegan,20/08/25,4
Salad Ayam,20/08/25,1
Soup Sayur,20/08/25,3
Soup Sayur,20/08/25,3
Nasi box vegan,20/08/25,1
Nasi box vegan,20/08/25,3
Snack box,20/08/25,1
Nasi Box Ayam,20/08/25,1
Snack box,21/08/25,2
Nasi Box Vegan,21/08/25,2
Soup Sayur,21/08/25,1
Nasi Box Vegan,21/08/25,1
Soup sayur,21/08/25,1
Snack box,21/08/25,3
Snack Box,21/08/25,1
Snack box,21/08/25,3
Nasi Box Ayam,21/08/25,1
snack box,21/08/25,4
Salad Ayam,21/08/25,1
Nasi Box Ayam,21/08/25,2
Soup Sayur,22/08/25,2
Nasi Box Vegan,22/08/25,1
Snack Box,22/08/25,3
Soup Sayur,22/08/25,2
Soup sayur,22/08/25,2
Nasi Box Ayam,22/08/25,2
Nasi Box Ayam,22/08/25,1
Salad Ayam,22/08/25,5
Salad Ayam,22/08/25,1
snack box,23/08/25,4
Nasi Box Ayam,23/08/25,2
snack box,23/08/25,1
Soup Sayur,23/08/25,4
Soup Sayur,23/08/25,1
Snack box,23/08/25,3
Soup sayur,23/08/25,1
Nasi Box Ayam,23/08/25,1
Salad Ayam,23/08/25,1
Salad Ayam,23/08/25,1
Nasi box vegan,23/08/25,1
Soup Sayur,23/08/25,1
Nasi Box Ayam,24/08/25,1
Snack Box,24/08/25,2
Nasi Box Ayam,24/08/25,1
Snack box,24/08/25,3
Snack box,24/08/25,1
Nasi Box Ayam,24/08/25,1
Soup Sayur,24/08/25,1
Soup Sayur,24/08/25,5
Nasi box vegan,24/08/25,1
Nasi Box Ayam,25/08/25,2
Nasi Box Vegan,25/08/25,2
Salad Ayam,25/08/25,1
Nasi Box Ayam,25/08/25,4
Salad Ayam,25/08/25,3
Nasi Box Vegan,25/08/25,4
Nasi Box Ayam,25/08/25,1
Nasi box vegan,25/08/25,1
Snack box,25/08/25,1
Nasi Box Ayam,25/08/25,1
Nasi Box Vegan,25/08/25,2
Snack Box,25/08/25,1
Nasi Box Ayam,25/08/25,2
Salad Ayam,25/08/25,1
snack box,25/08/25,2
Snack Box,25/08/25,1
Nasi Box Ayam,25/08/25,1
Nasi Box Ayam,25/08/25,1
Nasi Box Ayam,26/08/25,1
Soup Sayur,26/08/25,1
Salad Ayam,26/08/25,1
Snack Box,26/08/25,2
Soup Sayur,26/08/25,5
Nasi Box Ayam,26/08/25,1
Snack Box,26/08/25,1
Soup Sayur,26/08/25,5
Snack Box,26/08/25,1
snack box,26/08/25,3
Nasi Box Ayam,26/08/25,2
Soup Sayur,27/08/25,1
Salad Ayam,27/08/25,1
Snack box,27/08/25,1
Soup sayur,27/08/25,3
Nasi box vegan,27/08/25,1
Nasi box vegan,27/08/25,1
Nasi Box Ayam,27/08/25,1
Snack box,27/08/25,1
Nasi box vegan,27/08/25,3
Snack Box,27/08/25,1
Salad Ayam,27/08/25,1
Nasi Box Ayam,27/08/25,1
Soup Sayur,27/08/25,1
Salad Ayam,27/08/25,1
Salad Ayam,27/08/25,1
Nasi Box Ayam,27/08/25,1
Nasi Box Ayam,27/08/25,2
Nasi Box Vegan,27/08/25,1
Salad Ayam,27/08/25,2
Soup Sayur,28/08/25,1
Nasi Box Vegan,28/08/25,1
Salad Ayam,28/08/25,3
Nasi box vegan,28/08/25,1
Soup Sayur,28/08/25,1
Nasi Box Ayam,28/08/25,4
Snack Box,28/08/25,2
Nasi Box Ayam,28/08/25,3
Nasi Box Ayam,28/08/25,1
Nasi Box Ayam,28/08/25,1
Snack Box,28/08/25,2
Nasi Box Vegan,28/08/25,1
snack box,28/08/25,2
Nasi Box Ayam,28/08/25,3
Nasi Box Vegan,28/08/25,3
Nasi Box Vegan,28/08/25,1
Salad Ayam,29/08/25,3
Nasi box vegan,29/08/25,1
Salad Ayam,29/08/25,2
Nasi Box Ayam,29/08/25,2
Salad Ayam,29/08/25,3
Nasi box vegan,29/08/25,1
Soup sayur,29/08/25,2
snack box,29/08/25,1
Nasi box vegan,29/08/25,2
Nasi Box Ayam,29/08/25,5
Nasi Box Ayam,29/08/25,1
Nasi Box Vegan,29/08/25,1
snack box,30/08/25,1
Salad Ayam,30/08/25,2
Nasi Box Vegan,30/08/25,1
Nasi Box Vegan,30/08/25,1
Nasi Box Vegan,30/08/25,2
snack box,30/08/25,1
Nasi Box Ayam,30/08/25,4
Snack box,30/08/25,1
Salad Ayam,30/08/25,2
Salad Ayam,30/08/25,3
Soup Sayur,30/08/25,1
Nasi Box Ayam,30/08/25,2
Soup sayur,31/08/25,1
Nasi Box Ayam,31/08/25,1
Salad Ayam,31/08/25,4
Salad Ayam,31/08/25,4
Nasi Box Ayam,31/08/25,1
Nasi box vegan,31/08/25,5
Nasi Box Ayam,31/08/25,1
Nasi Box Ayam,31/08/25,2
Nasi box vegan,31/08/25,3
Nasi Box Ayam,01/09/25,3
Soup Sayur,01/09/25,2
Soup Sayur,01/09/25,1
Snack Box,01/09/25,3
snack box,01/09/25,1
Salad Ayam,01/09/25,1
Nasi Box Ayam,01/09/25,2
Nasi Box Ayam,01/09/25,5
Soup Sayur,01/09/25,1
Salad Ayam,01/09/25,1
Nasi Box Ayam,01/09/25,3
Salad Ayam,01/09/25,1
Nasi Box Ayam,02/09/25,4
Nasi Box Ayam,02/09/25,2
Soup Sayur,02/09/25,1
Nasi Box Ayam,02/09/25,2
Soup Sayur,02/09/25,1
Nasi Box Ayam,02/09/25,1
Nasi Box Ayam,02/09/25,1
Nasi Box Ayam,02/09/25,3
Nasi box vegan,02/09/25,2
Soup Sayur,02/09/25,4
Nasi Box Ayam,02/09/25,2
Nasi Box Ayam,02/09/25,1
snack box,02/09/25,2
Nasi Box Vegan,03/09/25,1
Salad Ayam,03/09/25,1
Soup Sayur,03/09/25,1
Nasi Box Vegan,03/09/25,1
Nasi Box Ayam,03/09/25,3
Nasi Box Ayam,03/09/25,3
Snack box,03/09/25,1
Snack Box,03/09/25,5
Salad Ayam,03/09/25,1
Nasi Box Ayam,03/09/25,3
Soup Sayur,03/09/25,2
Snack Box,03/09/25,3
Nasi box vegan,03/09/25,1
Nasi Box Ayam,03/09/25,1
Nasi Box Ayam,03/09/25,1
Snack Box,04/09/25,1
Nasi Box Ayam,04/09/25,3
snack box,04/09/25,2
Snack box,04/09/25,2
Snack Box,04/09/25,1
snack box,04/09/25,2
Salad Ayam,04/09/25,1
Soup Sayur,04/09/25,1
Soup Sayur,04/09/25,1
Nasi Box Ayam,04/09/25,1
Salad Ayam,04/09/25,1
Snack Box,04/09/25,1
Soup sayur,04/09/25,1
Salad Ayam,04/09/25,1
Nasi Box Vegan,04/09/25,4
Nasi Box Ayam,04/09/25,1
Soup Sayur,05/09/25,1
Nasi Box Vegan,05/09/25,1
Snack box,05/09/25,5
Nasi Box Ayam,05/09/25,2
Nasi box vegan,05/09/25,1
Nasi Box Ayam,05/09/25,1
snack box,05/09/25,2
Nasi box vegan,05/09/25,1
Nasi box vegan,05/09/25,1
Nasi Box Ayam,05/09/25,3
snack box,05/09/25,1
Soup Sayur,05/09/25,1
Nasi Box Vegan,05/09/25,1
Nasi box vegan,05/09/25,2
Soup Sayur,05/09/25,1
Nasi box vegan,05/09/25,1
Nasi Box Vegan,05/09/25,1
Nasi Box Ayam,05/09/25,1
Salad Ayam,05/09/25,1
Salad Ayam,05/09/25,2
Salad Ayam,06/09/25,1
Soup Sayur,06/09/25,1
Salad Ayam,06/09/25,1
Nasi Box Vegan,06/09/25,1
Nasi Box Vegan,06/09/25,1
Nasi box vegan,06/09/25,1
Nasi box vegan,06/09/25,1
snack box,06/09/25,1
Nasi box vegan,06/09/25,1
Nasi box vegan,06/09/25,4
Snack Box,06/09/25,5
Nasi Box Ayam,07/09/25,2
Nasi Box Ayam,07/09/25,4
Salad Ayam,07/09/25,3
Salad Ayam,07/09/25,1
Salad Ayam,07/09/25,1
Nasi Box Ayam,07/09/25,1
Nasi Box Ayam,07/09/25,1
Soup Sayur,07/09/25,1
Salad Ayam,07/09/25,1
Nasi Box Vegan,07/09/25,1
Salad Ayam,07/09/25,2
Salad Ayam,07/09/25,3
snack box,07/09/25,3
Nasi Box Ayam,08/09/25,1
Snack Box,08/09/25,1
Soup Sayur,08/09/25,1
Salad Ayam,08/09/25,4
Salad Ayam,08/09/25,2
Soup Sayur,08/09/25,1
snack box,08/09/25,1
Nasi Box Ayam,08/09/25,4
Nasi Box Ayam,08/09/25,1
Snack box,08/09/25,1
Salad Ayam,08/09/25,1
Nasi Box Ayam,08/09/25,1
Nasi Box Ayam,08/09/25,1
Salad Ayam,09/09/25,1
snack box,09/09/25,1
Salad Ayam,09/09/25,1
Soup Sayur,09/09/25,1
Soup Sayur,09/09/25,2
Snack Box,09/09/25,1
Salad Ayam,09/09/25,1
Snack Box,09/09/25,1
Nasi Box Vegan,09/09/25,1
Snack box,09/09/25,2
Soup Sayur,09/09/25,1
Soup Sayur,09/09/25,2
Salad Ayam,10/09/25,1
Salad Ayam,10/09/25,1
Salad Ayam,10/09/25,1
Snack Box,10/09/25,1
Nasi box vegan,10/09/25,1
Salad Ayam,10/09/25,3
Nasi Box Ayam,11/09/25,1
Salad Ayam,11/09/25,4
Nasi box vegan,11/09/25,1
Salad Ayam,11/09/25,1
Salad Ayam,11/09/25,1
Soup Sayur,11/09/25,3
Nasi Box Ayam,11/09/25,1
Soup sayur,11/09/25,2
Salad Ayam,11/09/25,1
Nasi Box Ayam,11/09/25,1
Soup Sayur,11/09/25,1
Soup Sayur,11/09/25,3
Snack Box,11/09/25,1
Soup Sayur,11/09/25,3
Nasi box vegan,11/09/25,2
Salad Ayam,11/09/25,1
Nasi Box Ayam,11/09/25,1
Nasi Box Ayam,11/09/25,1
Nasi Box Ayam,12/09/25,1
Nasi Box Ayam,12/09/25,4
Salad Ayam,12/09/25,1
Salad Ayam,12/09/25,1
Nasi Box Ayam,12/09/25,1
Nasi Box Ayam,12/09/25,1
Snack Box,12/09/25,1
Soup sayur,12/09/25,1
Soup sayur,12/09/25,1
Snack box,12/09/25,1
Soup sayur,12/09/25,3
Nasi Box Ayam,12/09/25,1
Nasi Box Ayam,12/09/25,1
Nasi Box Ayam,12/09/25,2
Salad Ayam,13/09/25,1
Soup sayur,13/09/25,5
Snack Box,13/09/25,2
Nasi Box Ayam,13/09/25,1
Salad Ayam,13/09/25,1
Snack Box,13/09/25,5
Snack Box,13/09/25,2
Snack box,13/09/25,2
Nasi Box Ayam,13/09/25,1
Soup Sayur,13/09/25,1
Salad Ayam,13/09/25,1
Snack box,13/09/25,1
Nasi Box Vegan,14/09/25,4
Salad Ayam,14/09/25,4
Salad Ayam,14/09/25,1
Snack Box,14/09/25,3
Snack box,14/09/25,1
Nasi Box Ayam,14/09/25,1
snack box,14/09/25,1
Snack box,14/09/25,3
Nasi Box Ayam,14/09/25,1
Nasi Box Ayam,14/09/25,4
Snack Box,14/09/25,2
Salad Ayam,14/09/25,2
Nasi Box Ayam,14/09/25,1
Soup Sayur,14/09/25,1
Soup Sayur,15/09/25,1
Nasi Box Vegan,15/09/25,1
Snack box,15/09/25,3
Nasi Box Ayam,15/09/25,2
snack box,15/09/25,1
Nasi Box Ayam,15/09/25,1
Snack box,15/09/25,1
Nasi box vegan,15/09/25,1
Snack box,15/09/25,1
Nasi Box Ayam,15/09/25,1
Soup Sayur,15/09/25,1
snack box,15/09/25,1
Snack box,15/09/25,1
Nasi Box Ayam,16/09/25,1
Nasi Box Ayam,16/09/25,4
Soup Sayur,16/09/25,1
Soup sayur,16/09/25,1
Nasi box vegan,16/09/25,4
Soup sayur,16/09/25,2
Nasi box vegan,16/09/25,1
Soup sayur,16/09/25,1
Nasi Box Ayam,16/09/25,2
Snack Box,16/09/25,1
Soup Sayur,16/09/25,1
Nasi box vegan,16/09/25,1
snack box,17/09/25,1
Nasi Box Ayam,17/09/25,1
Soup sayur,17/09/25,1
Salad Ayam,17/09/25,2
snack box,17/09/25,5
Nasi box vegan,17/09/25,1
Nasi box vegan,17/09/25,5
Snack box,17/09/25,1
Soup Sayur,18/09/25,2
Snack box,18/09/25,1
Soup Sayur,18/09/25,5
Soup Sayur,18/09/25,1
Nasi Box Ayam,18/09/25,1
Nasi Box Vegan,18/09/25,1
Salad Ayam,18/09/25,1
Soup Sayur,18/09/25,1
Nasi Box Ayam,18/09/25,1
Salad Ayam,18/09/25,1
Soup Sayur,19/09/25,2
Nasi Box Ayam,19/09/25,1
Nasi Box Ayam,19/09/25,2
Nasi Box Ayam,19/09/25,1
Soup sayur,19/09/25,5
Nasi Box Vegan,19/09/25,1
Nasi Box Ayam,19/09/25,2
Soup Sayur,19/09/25,1
Nasi Box Ayam,19/09/25,2
Nasi Box Ayam,19/09/25,3
Snack Box,20/09/25,1
Snack Box,20/09/25,2
Salad Ayam,20/09/25,3
snack box,20/09/25,1
Nasi box vegan,20/09/25,3
Soup Sayur,20/09/25,2
Nasi Box Ayam,20/09/25,3
Nasi Box Vegan,20/09/25,2
Nasi Box Ayam,21/09/25,1
Soup Sayur,21/09/25,1
Salad Ayam,21/09/25,2
Salad Ayam,21/09/25,1
Nasi Box Ayam,21/09/25,1
Salad Ayam,21/09/25,1
snack box,21/09/25,2
Nasi Box Vegan,21/09/25,1
Snack box,21/09/25,1
snack box,21/09/25,1
Salad Ayam,21/09/25,1
snack box,21/09/25,3
Nasi Box Ayam,22/09/25,2
Soup Sayur,22/09/25,1
Snack box,22/09/25,1
Nasi Box Ayam,22/09/25,1
Salad Ayam,22/09/25,1
Nasi Box Ayam,22/09/25,2
Salad Ayam,22/09/25,3
snack box,22/09/25,1
Nasi Box Ayam,22/09/25,1
Nasi Box Ayam,22/09/25,4
Snack Box,23/09/25,1
Salad Ayam,23/09/25,1
Salad Ayam,23/09/25,2
Nasi Box Vegan,23/09/25,1
Nasi box vegan,23/09/25,4
Soup Sayur,23/09/25,1
Salad Ayam,23/09/25,1
Nasi box vegan,23/09/25,2
Soup Sayur,23/09/25,2
Soup Sayur,23/09/25,2
Soup sayur,23/09/25,1
Nasi Box Ayam,24/09/25,1
snack box,24/09/25,1
Nasi box vegan,24/09/25,4
Nasi Box Ayam,24/09/25,1
Nasi Box Ayam,24/09/25,2
Snack box,24/09/25,1
Nasi box vegan,24/09/25,1
Nasi Box Ayam,24/09/25,2
Salad Ayam,24/09/25,1
Nasi Box Ayam,24/09/25,1
Soup Sayur,24/09/25,1
Soup sayur,24/09/25,2
Nasi box vegan,24/09/25,5
Snack box,24/09/25,3
Nasi Box Ayam,24/09/25,1
Nasi Box Ayam,24/09/25,1
Soup Sayur,24/09/25,1
snack box,25/09/25,2
Nasi Box Ayam,25/09/25,1
Nasi Box Ayam,25/09/25,1
Snack Box,25/09/25,4
Nasi Box Vegan,25/09/25,2
Nasi Box Ayam,25/09/25,2
Salad Ayam,25/09/25,1
Nasi Box Ayam,25/09/25,2
Nasi Box Ayam,25/09/25,1
Nasi Box Ayam,25/09/25,2
Nasi Box Ayam,25/09/25,1
Salad Ayam,25/09/25,1
Snack box,25/09/25,1
Salad Ayam,25/09/25,1
Nasi Box Vegan,25/09/25,3
Nasi Box Ayam,26/09/25,4
Salad Ayam,26/09/25,1
Soup sayur,26/09/25,1
Salad Ayam,26/09/25,1
Soup Sayur,26/09/25,1
snack box,26/09/25,3
Salad Ayam,26/09/25,1
Soup Sayur,26/09/25,1
Nasi Box Vegan,26/09/25,1
Nasi Box Ayam,26/09/25,4
Salad Ayam,26/09/25,2
Soup sayur,26/09/25,1
Nasi Box Vegan,26/09/25,1
Nasi Box Ayam,26/09/25,1
Nasi Box Ayam,26/09/25,1
Soup sayur,26/09/25,2
Snack box,26/09/25,2
Nasi Box Ayam,26/09/25,1
Nasi Box Vegan,26/09/25,1
Salad Ayam,27/09/25,1
Soup Sayur,27/09/25,1
Nasi Box Ayam,27/09/25,1
Soup sayur,27/09/25,3
Soup sayur,27/09/25,2
Salad Ayam,27/09/25,1
Soup Sayur,27/09/25,3
Nasi Box Ayam,27/09/25,1
Nasi Box Ayam,27/09/25,1
Snack box,27/09/25,1
Nasi box vegan,27/09/25,1
Nasi Box Ayam,27/09/25,1
Soup sayur,27/09/25,1
Nasi Box Ayam,27/09/25,3
Nasi Box Ayam,27/09/25,1
Snack box,27/09/25,1
Nasi Box Vegan,27/09/25,1
Snack Box,27/09/25,1
Soup Sayur,28/09/25,1
Nasi Box Ayam,28/09/25,5
Soup Sayur,28/09/25,1
Soup sayur,28/09/25,1
Soup Sayur,28/09/25,3
Soup Sayur,28/09/25,1
Salad Ayam,28/09/25,2
Soup sayur,28/09/25,1
Soup sayur,28/09/25,1
Snack Box,28/09/25,3
Nasi Box Ayam,28/09/25,1
Soup Sayur,29/09/25,1
Soup Sayur,29/09/25,1
Nasi box vegan,29/09/25,3
Soup Sayur,29/09/25,1
Salad Ayam,29/09/25,1
Soup Sayur,29/09/25,1
Soup Sayur,29/09/25,1
Soup sayur,29/09/25,2
Nasi Box Ayam,29/09/25,1
Salad Ayam,29/09/25,1
Nasi Box Ayam,29/09/25,1
Salad Ayam,30/09/25,1
Soup sayur,30/09/25,2
snack box,30/09/25,3
Snack Box,30/09/25,1
Snack box,30/09/25,1
Nasi Box Ayam,30/09/25,1
Salad Ayam,30/09/25,1
Salad Ayam,30/09/25,1
Nasi Box Ayam,30/09/25,1
Nasi Box Ayam,30/09/25,3
Nasi Box Ayam,30/09/25,1
Snack Box,30/09/25,1
Soup Sayur,30/09/25,1
Salad Ayam,30/09/25,1
snack box,30/09/25,1
Nasi box vegan,30/09/25,2
Soup sayur,30/09/25,1
Soup Sayur,30/09/25,2
